昵称,性别,地区,日期,评论,点赞
速溶威化,男,河南,2025-05-19 17:37:26,时间过的好快，5年很多事情都发生了变化,0
欸就是玩乱起名,保密,河南,2025-05-19 13:39:04,1,0
黑崎牌草莓酱,保密,云南,2025-05-19 09:06:57,那我缺的dlc这一块的，谁给我补啊[笑哭],0
MC瑞琪,保密,上海,2025-05-18 18:52:06,我猜到你在翻啥了[吃瓜],21
小小ヅ,女,宁夏,2025-05-18 14:37:22,这一幕游戏里没有诶。会不会是大闹天宫的DLC,8
-风雪故人来-,男,北京,2025-05-18 11:55:37,今夕是何年,2
qfbili,保密,广东,2025-05-17 23:19:10,玛德期待DLC[热]能见到哪吒他们么想打上天庭,8
佩斯托洛,男,上海,2025-05-17 21:46:53,即使已经过去近五年，这个视频依旧有两位数的人再看,23
泉石粼粼,保密,北京,2025-05-17 19:16:19,还有两位数人数正在看。,9
AxeYourP,男,吉林,2025-05-17 17:43:43,我懂你,20
带带孙亚龙,男,北京,2025-05-17 16:56:46,考古,2
觉悟玉之呼吸,保密,安徽,2025-05-17 12:53:27,还以为黑神话悟空十三分钟前呢[笑哭],12
洗吗大,男,江西,2025-05-17 11:01:11,你知道的,3
冰糖@雪梨,男,广东,2025-05-17 07:10:13,能不能在影神图加一个AI播放文字，这样就不用看文字版，可以点播放自动介绍妖怪背景故事。,2
路過蜻蜓,保密,浙江,2025-05-17 00:55:22,考古,2
-AA---B,保密,北京,2025-05-17 00:44:21,游戏安装到这一步就卡住了，有没有好心的大哥大姐帮忙看看[doge_金箍],7
路过的人间之屑,男,四川,2025-05-17 00:37:31,回望过去好像梦一样，还好这个梦实现了,4
Nightare19,男,四川,2025-05-16 23:53:53,加油游科，一定用心打磨dlc弥补本体的遗憾啊,6
魅惑的黑圣,保密,内蒙古,2025-05-16 22:42:09,"恭喜猴哥展会延期！！[打call]
同时希望游戏的细节方面请再好好的优化一下：
  1、预输入问题，需要改进优化下，感觉老是存在延迟和吞指令按不出来。
  2、增加游戏内字幕 自定义调节的功能（字幕的颜色、大小、透明度） 现在整体字幕太小了，非常不方便浏览。
  3、小曲添加 游戏内游玩时也可以播放的功能 并且能随时切换bgm。不只是在主界面才能听曲儿，，
   4、披挂增加幻化的功能。  同时手柄的震动反馈再好好优化，把震动的感觉给足点
  5、手柄添加支持 自定义修改按键的功能
  6、三种棍法的 轻击动作希望能分别做一下，不要一样。 然后再增加专门远程攻击的手段
    7、去除一些无用的空气墙，让一些看到能去的地方 真正能去
    8、光影问题优化，如草植物闪烁、阴影闪烁、一些地方太亮/太黑，，
    9、大型boss身上的空气墙去除一下，大型boss莫名其妙脱离锁定修复下
   10、增加按键提示细节，比如跳过过场动画的按键提示（只要是按了键盘就提示E键），还有游戏开头二郎神使用飞剑时提示按键按下棍花等等",5
胡图图说他不糊涂,保密,河南,2025-05-16 21:29:39,还以为十三分钟前更新,1
诡狐十三,男,内蒙古,2025-05-16 20:31:17,[doge_金箍],24
澳大利亚征服者,保密,湖北,2025-05-16 20:30:48,[doge_金箍],1
这个狗蛋不姓李,保密,贵州,2025-05-16 18:42:39,你这猴子，真令我欢喜,6
闪光鲨鱼辣椒,男,阿联酋,2025-05-16 14:58:17,黑神话悟空13分钟前更新,9
时间不再流逝,男,江苏,2025-05-15 23:37:38,回来考古，短短五年，感觉发生了一堆事,8
灰色彩虹君,男,河南,2025-05-15 21:18:21,帅,8
一个巨无霸炒鸡至尊长的昵称,保密,北京,2025-05-15 20:26:22,回来考古[无限暖暖_美食家蜜蜂],1
田田田T灬,保密,山东,2025-05-15 15:49:35,一眨眼 五年过去了 真快啊。梦开始的地方 看几遍都觉得欢喜,11
超级无敌的黎啊,男,四川,2025-05-15 13:54:13,那你猜为什么我2020年在这里,9
留不住的人我送你,男,河南,2025-05-15 07:24:14,回头看看3000万销量佳作的第一个游戏演示,15
牢i大,男,山东,2025-05-14 21:19:34,动作太僵直了，建议添加过度帧,1
鬼剑相随,保密,甘肃,2025-05-14 08:20:03,今年又有新的国产3A玩了，虽然黑神话悟空在各方面有不少缺点（剧情和地图设计等等），但我总体还是能称黑神话为良品，值得一玩。希望DLC游科能做好，好好打磨。,6
Doraihurawa,保密,广东,2025-05-14 01:15:32,急急急,7
烹魚阉,保密,上海,2025-05-13 19:46:17,敢问路在何方也太棒了[大哭],3
星楚星瞳,保密,天津,2025-05-12 15:47:49,[星星眼],0
觉悟玉之呼吸,保密,安徽,2025-05-12 13:50:33,[支持][支持][支持],0
无相凡人-调停者,男,河北,2025-05-12 12:44:35,[打call][打call][打call][打call],0
苟免貌恭,保密,宁夏,2025-05-12 08:31:58,dlc大闹天宫赶紧出,1
最爱喝波子汽水,男,河北,2025-05-12 08:04:27,今年能出DLC吗？,8
MegaDrill,保密,湖北,2025-05-12 00:29:53,[热词系列_镇站之宝][热词系列_镇站之宝][热词系列_镇站之宝][热词系列_镇站之宝][热词系列_镇站之宝],2
心心可甜了,男,江苏,2025-05-11 10:08:05,[蹲蹲],1
香草圣代-,保密,广东,2025-05-11 02:08:38,感觉测试版本特效好像更足。打击感也更猛,4
海边的曼彻斯特Yukino,保密,上海,2025-05-11 01:02:23,神作,0
法德瑞拉,男,广东,2025-05-11 00:50:13,[热词系列_打卡],0
Sobremesa9,保密,安徽,2025-05-10 23:23:23,神作！,0
王小二的技术栈,保密,浙江,2025-05-10 22:18:20,梦开始的地方,0
漂流の鱼yuy,保密,湖南,2025-05-10 17:19:08,很多人喜欢或讨厌这款游戏。但仅仅作为一个游戏玩家，想起8月20日的盛况还是激动不已。无论打开什么群聊、什么软件人们都在聊这款游戏。认识的还是不认识的主播都在直播黑猴。未来很难再有游戏复刻24年8月那属于中国玩家的狂欢了。,20
落日信箱ve,男,辽宁,2025-05-10 16:26:39,我核显通关的[脱单doge],8
思乐冰飞冰,男,广东,2025-05-10 15:31:24,偶尔想起来再看一遍，居然有20多人正在看[笑哭],2
蛋蛋君126,男,四川,2025-05-10 13:28:55,[doge_金箍],0
大钱一枚,保密,浙江,2025-05-10 13:22:28,四周目后回来看看,1
热血超新星,男,天津,2025-05-10 08:18:06,6000多万播放，300多万点赞，300多万硬币的含金量,2
乐天派传人,男,陕西,2025-05-10 02:48:52,没想到吧，2025我回来了,2
冰火九重天tux,保密,浙江,2025-05-09 21:02:57,[支持][支持][支持][支持],2
狐狸゛,男,四川,2025-05-09 18:12:41,还有四个多月就上线了，真期待,7
良人如故,保密,广东,2025-05-09 17:26:39,这游戏要是做出来不得卖爆啊😦我预计三天1000万份，达不到我直接吃[微笑],12
龙尔科三号,保密,江西,2025-05-09 14:27:01,11:51 所以这里应该是小黄龙吗？还是广目天王的龙。,2
九天雷霆嘎巴菜,男,辽宁,2025-05-09 13:46:45,现在还有人我吃,8
阿莫原地起飞,男,山西,2025-05-09 02:25:06,回头一看，真的没白期待，游科真的交了一份满意的答卷,12
晓鹏鸽,男,云南,2025-05-09 01:17:10,再回来看看细节，找找细节有哪些又会成为DLC√[新世纪福音战士表情包_下定决心][新世纪福音战士表情包_下定决心][新世纪福音战士表情包_下定决心],1
东方仗且力,保密,上海,2025-05-09 01:01:11,有的兄弟有的,1
战恐局看门大爷,男,江苏,2025-05-09 00:59:46,永远有人！！！,2
I梦中的细雨I,保密,河北,2025-05-08 14:27:50,可惜大闹天宫没啦，诶,3
23050181257_bili,保密,青海,2025-05-08 12:49:11,来了,0
心动coisni,男,天津,2025-05-08 02:13:15,[doge_金箍],1
-ZeroDreams-,保密,未知,2025-05-08 01:38:48,2025/5/8,1
CC_tangyuan,男,北京,2025-05-07 22:53:27,我不信现在还有人[微笑],10
回嘉吃晚饭,保密,福建,2025-05-06 22:36:12,永远有人看,3
忢空空,保密,江西,2025-05-06 11:03:08,黑风山的葛根都让我收了九九八十一茬，土地龛上香头发都拔秃了，虎先锋一家子过了一百个清明节，四妹从被人抓走都快生出一个印度人口数了……DLC还没消息[doge],5
安好勿念oY,保密,上海,2025-05-06 01:17:09,我不信还有人[doge_金箍],18
海藻大奔,保密,江苏,2025-05-05 22:47:06,我还能见到四妹么？,4
雨夜高架小米汽车,男,广东,2025-05-05 22:42:16,回头来看游科的审美真的好,5
孤单de竹子,保密,重庆,2025-05-05 12:24:21,第一次看的时候想着我要做齐天大圣 打完了却一点不想了 只想他回来,4
khkfyoh,保密,江西,2025-05-05 09:07:18,2025/5/5/9:07前来考古,4
不及格天才,男,广东,2025-05-05 03:22:25,现在回头看 好多BOSS和设定没出现哈哈哈哈,4
摸鱼鱼鱼鱼qaq鱼,保密,山东,2025-05-05 00:14:57,DLCDLCDLCDLCDLCDLCDLCDLC 前三章太优秀了 后面有点赶,3
摸鱼鱼鱼鱼qaq鱼,保密,山东,2025-05-05 00:11:50,广智确实帅,1
歲歲平侒,保密,安徽,2025-05-05 00:01:41,可惜最后没有大闹天宫的本了害,0
吃不了辣椒算我输,保密,浙江,2025-05-04 21:35:11,来了来了，赚钱了我也买一份,0
GunSliver丶,男,广东,2025-05-04 20:23:48,我的国产单机梦由此开始[大哭]梦想实现于24820[大哭]黑神话和大表哥2，我心中唯二的白月光,1
照相馆的夏蜜柑,男,陕西,2025-05-04 20:07:28,梦开始的地方,0
心心可甜了,男,江苏,2025-05-04 17:17:52,[热词系列_哇酷哇酷],1
我不叫天王似飞鸟,男,山东,2025-05-04 13:09:08,再来看一遍,2
野人制作,保密,内蒙古,2025-05-04 11:22:24,运行黑神话悟空风扇声音很大，要如何设置啊？,3
宇宙无敌大爆炸美男子,保密,河南,2025-05-04 03:59:45,这个跟正式版改了什么？,1
哈姆TEN,男,山东,2025-05-04 00:21:53,打卡。当年最深刻的就是大圣出来挡的这一下子[笑哭]另外就是当时一堆搞魂like蹭热度的搞得我对黑神话甚至还有点不屑（当时一堆黄油都天天搁那儿做魂like搞得我真无语）。[笑哭]最后作品发售买来一玩真心震撼。,7
萧瑟秋风今又是丶,保密,云南,2025-05-03 23:25:24,二刷通关[妙啊],3
pochicx,男,浙江,2025-05-03 22:35:56,打卡,2
我还只是个宝宝呢,保密,重庆,2025-05-03 16:38:14,10：30,11
顺其自然lys,男,湖北,2025-05-03 16:30:00,19人正在看,1
Jake-Dole,男,四川,2025-05-03 03:29:56,传奇开始的地方,2
GiantsZzz,保密,内蒙古,2025-05-02 20:06:24,玩完了再回看，最终版本确实比这强不少,19
庄巽,男,浙江,2025-05-02 15:23:03,朝花夕拾杯中酒，寂寞的人在风雨后,7
爱吃红烧武昌鱼,男,湖南,2025-05-02 15:00:03,哎,1
爱搞笑的艾米,女,四川,2025-05-02 11:26:49,666,1
哔゚哩゚哔゚哩゚,保密,重庆,2025-05-02 10:58:23,11:35这个boss在游戏没出现啊,4
寰宇青山,保密,湖南,2025-05-02 02:59:14,回首向来萧瑟处，归去，也无风雨也无晴[支持],6
纯哥168,保密,江苏,2025-05-01 22:33:46,进度，3周目，工作原因，时间不充裕。刚买了彩胶，没事听听。影神图已购，期待七月发货。你是我国产单机梦的起源。感谢游戏科学，感谢冯骥，感谢杨奇！每一个游戏细节都满足我心中国产游戏的点。感谢，感谢。[拥抱],16
暗影无叶,男,广东,2025-05-01 21:40:04,[热词系列_打卡],3
可口可乐Cool,保密,北京,2025-05-01 20:59:54,感觉最开始的游戏的环境灯光最有氛围感，还有boss的场地紧凑更有神秘压迫感，不知道为啥改了风格,5
我最亲最亲的老公,保密,河北,2025-05-01 18:22:18,进度：9周目完结撒花，你们那，是不是四周目就不要了,5
心心可甜了,男,江苏,2025-05-01 16:08:24,恭喜黑神话悟空成为国内首个获得五四青年奖的游戏团队[支持],21
星辰小竹鼠-,保密,安徽,2025-05-01 12:49:49,神中神,6
合理开摆,男,湖北,2025-05-01 02:19:38,确实没白等，再等个dlc,6
原与二,保密,山西,2025-04-30 22:13:31,我猜你点了按时间对吧[星星眼],24
心心可甜了,男,江苏,2025-04-30 14:09:47,这才叫真实机,6
丶艾梅利姆光线,保密,北京,2025-04-30 14:02:55,尾后针（咬牙切齿）,8
妮妮酱的超级小奶狗,保密,河北,2025-04-30 13:50:21,汇报一下进程。刚刚退出游戏。下次有时间再打大圣吧。,11
风住又风起,男,北京,2025-04-30 09:48:09,今年820有大的吗？[大哭],4
生姜与蒜,男,重庆,2025-04-30 04:15:24,等黑猴，玩黑猴的四年，真好啊,8
栋栋果实,保密,河南,2025-04-30 02:16:52,看完明末的预告特意回来看，差距太大了[脸红],12
陌上与人,保密,四川,2025-04-29 22:29:13,你兜兜转转又回到这里，可有悟到什么,51
肖哥投基不投机,男,浙江,2025-04-29 22:19:39,【杭州地铁里偶遇超巨大的如意金箍棒，应该是百事黑神话悟空联名广告吧#黑神话悟空 #百事可乐 #如意金箍棒-哔哩哔哩】 https://b23.tv/h4AgKiy,4
曲项向白厄,女,四川,2025-04-29 21:21:42,什么时候出DLC,3
愤怒的小草哥,男,广东,2025-04-29 20:20:38,什么时候出外观幻化,1
MikuDragon音龙君,保密,重庆,2025-04-29 17:13:05,赶紧端DLC ！,2
_北人_,男,四川,2025-04-29 16:47:38,我穿越回来了，游戏很好玩。,3
星辰小竹鼠-,保密,安徽,2025-04-29 15:21:39,轻舟已过万重山，前路漫漫亦灿灿！,5
迷梦的鹿,男,广东,2025-04-29 11:48:04,为国单开了个好头,9
限定奇兵,保密,河南,2025-04-29 11:23:44,轻舟已过万重山,5
七宗罪夜想曲,男,福建,2025-04-29 11:21:49,梦开始的地方,1
高木太可爱了吧,男,安徽,2025-04-29 11:12:49,考古,1
河口几百块玩什么命啊,保密,吉林,2025-04-29 01:06:40,"别墅里面唱k
和宝剑的时代",1
澹月转魄,男,辽宁,2025-04-28 23:30:00,不知不觉还有四个月又820了，真就感觉在昨天一样,21
不知道饹,男,河北,2025-04-28 22:49:44,还有26人在看[doge_金箍][doge_金箍],1
谷风天音YES,男,江苏,2025-04-28 21:41:15,[大笑],0
妮妮酱的超级小奶狗,保密,河北,2025-04-28 20:53:29,永远有人系列赶紧一个亿吧快点快点。兄弟们多刷刷就到一个亿了其实很快的，你们找个手机找个电脑让他放着一直单放让他刷着。,0
米八爷KICKBACK,男,广东,2025-04-27 21:55:51,天呀,2
簌簌梨花,保密,江苏,2025-04-27 17:27:57,2025回来考古,6
该昵称己被占用_,男,广东,2025-04-27 12:29:22,[热词系列_赛博考古][热词系列_打卡],1
wyz004,男,上海,2025-04-27 11:02:10,[热词系列_打卡],1
梵高先生新视角,男,浙江,2025-04-26 23:18:44,仿佛在昨天，真的幸福,13
夜伴孤,保密,辽宁,2025-04-26 22:54:25,🌹,5
能文能武长相不太英俊,保密,陕西,2025-04-26 22:41:07,一切都仿佛在昨日,12
超级地球泰坦将军,保密,湖南,2025-04-26 19:44:19,圣地回游[夜雀食堂_吹喇叭],7
枪机江鸟式闭锁机构,保密,福建,2025-04-26 11:49:43,"来反馈bug了，你这识破到之后，仍然可能会没有特效和音效
还有二郎神的转阶段模型残留

关于玩法，请在保留现版本翻滚连携输入时间的基础上，把精魄和定身安身的连携时间改会原先的长度
请优化江海翻与全精魄的连携输入，不要把这么帅的招式浪费了",19
保罗杰克逊列兵,男,四川,2025-04-26 10:34:50,梦开始的地方,4
真鸡美菜鸡坤,保密,河南,2025-04-26 03:15:02,好怀念高中的之后看到这个视频。😭……现在已经是个大三的学生了,16
风的二进制,保密,重庆,2025-04-26 00:52:12,再次回来打卡,4
增逊,保密,福建,2025-04-25 23:15:27,能不能出个黑神话无双，大闹天宫,3
增逊,保密,福建,2025-04-25 23:10:01,现在23点，还有33个人在看👀,1
嘻嘻不嘻嘻的杰,男,上海,2025-04-25 22:00:17,[doge_金箍],2
月亮排,男,辽宁,2025-04-25 16:36:19,[重返未来1999_赞],0
kingcityfive,保密,江苏,2025-04-24 20:35:31,"现在想想，“故事要从一只金蝉讲起。”和“如意金箍棒。”
把主线剧情（大圣金蝉脱壳）和最终boss（孙悟空）全都直接放在预告片头尾里，游科可真的会玩。[笑哭]",13
烟柳无笙,保密,辽宁,2025-04-24 11:59:01,今夕是何年？,4
星星也沒有你閃亮,男,河南,2025-04-24 11:28:30,[喜欢],1
克劳德od,保密,安徽,2025-04-24 10:58:22,[doge_金箍][doge_金箍][doge_金箍],1
吾在人间逍遥游,女,河南,2025-04-24 08:32:38,[doge_金箍],0
无忧客zz,保密,河南,2025-04-24 06:05:54,[猴哥][猴哥],0
英锡兄你膝盖还好吗,男,广东,2025-04-24 00:42:29,DLC！DLC！DLC！DLC！,2
坚毅磨坊,男,宁夏,2025-04-23 19:36:54,今夕是何年？,3
野生B站用户哎,保密,湖南,2025-04-23 15:43:11,[呲牙],0
想学习的龙大人,保密,北京,2025-04-23 14:03:10,35w评论也太夸张了,3
可乐reb,保密,浙江,2025-04-23 13:32:31,打卡,0
摸鱼的Doby,保密,河北,2025-04-23 11:02:37,好怀念以前等黑猴发售的日子，每天都满怀期待，就跟过年前几天一样,21
B_E_Game_Club,保密,甘肃,2025-04-23 02:48:44,非常享受每次主题曲响起后那种热泪盈眶的感动,10
ddffrrFF,保密,广东,2025-04-23 01:28:12,预告不负期待,9
卧潮,保密,甘肃,2025-04-22 19:26:48,来dlc啊[tv_发怒],10
取什么真的不重要,女,浙江,2025-04-22 19:17:35,哇梦开始的地方！[星星眼][星星眼][星星眼]还有人在看啊,9
好想要只哆啦A梦,男,江苏,2025-04-22 11:46:55,DLC DLC DLC,1
Irene我的宝,保密,贵州,2025-04-21 22:53:28,啥时候出DLC啊，生产队的驴都不敢这么歇,8
星语倾城染青衣,女,河南,2025-04-21 18:32:28,梦开始的地方！,4
CP真的不可逆,保密,河南,2025-04-21 14:19:10,赶紧出dlc啊，都别歇着[辣眼睛],5
Dark丶Lord,男,云南,2025-04-21 13:37:14,听说这游戏很厉害，我玩了500多小时也妹上瘾啊[doge_金箍],18
别碰我的仪器,保密,江西,2025-04-20 23:00:54,今天白金了,4
别碰我的仪器,保密,江西,2025-04-20 23:00:54,今天白金了,5
菜白吃爱,男,内蒙古,2025-04-20 16:16:33,真结局三十五小时通关留念[打call],1
㵙語,保密,湖南,2025-04-20 16:02:14,回来看看[doge_金箍],0
乌瑟尔之锤,保密,广西,2025-04-20 13:06:03,没想到过了那么久啊，都差不多过了5年了，幸运的是，我的期待没有落空，甚至超出我的期待，从在大学宿舍激动着看这这个视频，再到工作下班后飞奔回家玩黑神话悟空，真的好感慨。,21
不玩游戏L,保密,江苏,2025-04-20 12:42:58,一下子就五年了，好快啊，五年前还只是初中生现在都大学了,11
丶白白白白白白白白,男,安徽,2025-04-20 10:46:19,谢谢游科 让我圆了从小到大的大圣梦 什么时候带我们一起大闹天宫,9
猴无影,男,辽宁,2025-04-20 10:19:47,本人80小时了，打到连战六根一性，来提提建议。其实网上都在吹黑神话美术，我却感觉玩起来很累，因为很多杂乱无章的树木，乱石和灾难性的光影(黑的地方很黑，亮的地方很亮)很容易让人视觉疲劳，并且缺少像老头环亚坛高原以及刺客信条起源死后世界那种绝景，黑神话整个场景仍然显得过于逼仄(不是说一定要做开放世界，但至少应该有让人眼前一亮和震撼的场景，我指的是开阔且神圣的景观，懂得人自然知道我说的是什么)。美术这方面，我还是倾向于刺客信条那种比较柔和但是不缺少细节的场景。不知道是不是ue5本身的毛病,19
rexcier,男,湖北,2025-04-20 00:13:42,"坏消息，预告片里只有一半和游戏实际对的上。
好消息，游戏实际里的体验比预告更好。",17
墨紫的鼠尾草,保密,甘肃,2025-04-19 12:08:17,希望能更新一个新模式：天命人联机对决，这样就可以真假美猴王了！而且可以和朋友一边打一边说，“我是真的，你是假的！”,14
上陸魚,男,湖北,2025-04-18 23:01:17,...似乎过去了好久...来梦开始的地方等待新播片[黑眼圈_金箍],20
命灬运丿,保密,山东,2025-04-18 21:58:05,才打到第五章还没通关[大哭][大哭],15
幸运的钢板,男,广东,2025-04-18 16:49:22,好像做了一场梦 好想再来一次,23
真想回2018年,男,河北,2025-04-18 11:07:43,什么时候能破亿,13
想想这时鸣人会怎么做,男,广东,2025-04-18 07:57:03,不管过多久再看一次还是会被震撼,9
不爱吃菜花,男,内蒙古,2025-04-18 01:56:46,实机演示里的大圣穿的居然是凡品大圣套,10
不爱吃菜花,男,内蒙古,2025-04-18 01:48:56,等dlc,8
Sun丿蔑视,男,广东,2025-04-18 00:15:06,我dlc呢[香奈美·追寻那道光 应援装扮_啊],3
路白烂,保密,上海,2025-04-17 23:29:11,打工人十天上班狂肝白金，等不急DLC重回梦开始的地方继续熬。,10
凡烦饭番,保密,陕西,2025-04-17 22:33:24,第一款白金成就的游戏，静等DLC,3
吵闹的德克,男,山西,2025-04-17 20:47:35,DLC呢？问了没啊？,2
青山鸟居,保密,安徽,2025-04-17 17:47:02,今天拍的大圣，或者说大圣套,13
闲着也是闲着a,保密,湖北,2025-04-17 10:54:28,回来考古！！[doge_金箍][doge_金箍][doge_金箍],2
这密码孩子,保密,天津,2025-04-16 23:47:27,终于也是玩儿上了，黑神话也算是我接触类魂的第一款作品了。昨天到的手柄，今天下的黑神话。整整7个小时才通关第一回，但是确实上头，期待更好的作品[给心心],14
阿阿阿阿阿阿邱,女,浙江,2025-04-16 18:42:43,帅麻了,16
空九寒铭,保密,湖南,2025-04-16 14:45:22,[打call],0
鲁路修_-_,男,天津,2025-04-16 13:25:21,woDLCne,2
支云,男,浙江,2025-04-16 12:34:28,[鼓掌],5
CV16辽克星敦OVO,保密,浙江,2025-04-16 11:14:23,来辣,4
雨飞兮焉树,保密,上海,2025-04-16 08:43:22,猜你一定是,29
我读懂了相对论,保密,河南,2025-04-16 00:03:23,已经5年了，我dlc呢？[少女乐队的呐喊表情包_倔],14
佰宸,男,北京,2025-04-15 21:54:35,[doge_金箍],0
吾无宇,保密,广东,2025-04-15 20:38:34,[热词系列_三连][猴哥],0
币儿该吃,男,甘肃,2025-04-15 16:37:46,太难玩了，差评!!!!!!,0
蔡文昭,女,吉林,2025-04-15 12:41:31,考古,1
亦界,男,山东,2025-04-15 04:28:27,[热词系列_赛博考古],2
亦界,男,山东,2025-04-15 04:28:20,[猴哥],0
YAISETTY,男,湖北,2025-04-14 17:19:29,回头再看改了不少啊[给心心],4
要起床吃早饭吗,男,浙江,2025-04-14 08:51:38,昨天去了国美的艺术展。太震撼了,7
吾空吾空吾空吾空,男,浙江,2025-04-14 00:10:23,梦开始的地方,6
想当大圣,保密,福建,2025-04-13 14:12:21,成功交,0
满山的猴子我臀部最红,保密,广东,2025-04-13 04:10:38,[大笑][大笑][大笑][大笑],19
唔姆D,保密,贵州,2025-04-12 21:05:19,等我上大学了，一定会买，明年高考,32
小原Fish,男,山东,2025-04-12 20:14:11,初二生，已经攒了92块钱了！[喜欢],29
小原Fish,男,山东,2025-04-12 20:14:11,初二生，已经攒了92块钱了！[喜欢],8
Mask_-,男,四川,2025-04-12 19:39:39,[doge_金箍][doge_金箍][doge_金箍],0
懒散de库赞,男,湖北,2025-04-12 17:58:31,最近又在回忆童年,4
AIGHXERNT砹科森特,保密,陕西,2025-04-12 15:04:22,真的吗？[思考],4
艾尔多v,男,河北,2025-04-12 12:44:19,我操，怎么感觉这个好玩啊？,6
平江精神病院刘院士,男,湖南,2025-04-12 12:17:33,玩完了还是很感动,3
肖哥投基不投机,男,浙江,2025-04-12 07:07:00,线下看完展，来发一下，震撼啊,20
昵称已存在-0_0-,保密,山东,2025-04-11 23:59:29,现在都还有二十多个人看[笑哭],16
屋檐有雪,男,河南,2025-04-11 20:30:29,谁给我个还没玩过吗喽的脑子吧,7
Biomonkey444,男,北京,2025-04-11 11:40:05,我的steam黑神话2月的更新补丁没有下载选项是什么原因,1
Bil1ieJoe,男,广东,2025-04-11 03:11:55,为什么这个时间还有八个小伙伴在跟我一起看？,6
年愁的今夜i,保密,浙江,2025-04-10 23:36:48,考古,1
尤里尤里啦,保密,广西,2025-04-10 22:36:04,[蹲蹲][蹲蹲],0
魅惑的黑圣,保密,内蒙古,2025-04-10 19:30:36,"猴哥的新展会真不错 ！！[打call]

然后希望 游戏的细节方面请再优化一下：

  预输入问题，需要改进，老是存在延迟和吞指令按不出来。

  增加游戏内字幕 自定义大小的调节功能 。有的字幕太小了，非常不方便浏览。

  小曲添加 游戏内播放功能并且可以随时切换bgm。

  披挂增加幻化的功能。",18
咪兔歪,女,河北,2025-04-10 18:03:48,再看还是泪目,3
Russell__X,男,陕西,2025-04-10 00:01:45,再看一遍还是震撼,9
我看明月叹朝气,保密,山东,2025-04-09 19:12:44,永远有人系列,3
冬月十一-,保密,湖北,2025-04-09 17:51:05,一周目过了,0
尊敬的张哥,男,四川,2025-04-09 13:30:59,我的35万,2
尊敬的张哥,男,四川,2025-04-09 13:30:48,35w,0
尊敬的张哥,男,四川,2025-04-09 13:30:42,35w我的,0
账号已注销,保密,广东,2025-04-09 11:30:25,35W我的！！！,2
账号已注销,保密,广东,2025-04-09 11:30:13,349999,1
゚゚派蒙,保密,安徽,2025-04-08 22:57:18,不是，bro现在这时候还有二十多人看第一支预告啊[笑哭],14
半拉油饼,保密,辽宁,2025-04-08 21:35:49,现在看确实是有很多东西没做出来,10
浪客blbl,保密,上海,2025-04-08 15:28:39,不是 现在还有人吗,8
清风未醉1,男,广东,2025-04-08 13:42:31,该放DLC了吧[doge],3
资本大王錫兰,男,江西,2025-04-08 09:20:21,居然还是8月20号发的[笑哭][大哭],1
特出强大,男,湖南,2025-04-08 05:39:24,回来看看,0
名字不想起XXX,保密,山东,2025-04-07 23:06:28,25年820希望有dlc,6
豪哥uuxjjj,保密,陕西,2025-04-07 17:30:26,逆天，投币比点赞高17万,12
懒散de库赞,男,湖北,2025-04-07 00:36:42,（二郎显圣真君）打得过（黄眉）吗？,7
朝-壹,男,广西,2025-04-07 00:10:35,每次想起来还是热血沸腾，热泪盈眶，赶紧回来重温,5
露-娜-酱,保密,辽宁,2025-04-06 22:51:22,回来看觉得，这时候的动作还是有点僵硬，四年来做了好多优化啊,10
时刻保持质疑8,保密,辽宁,2025-04-06 17:58:21,神！结局玩的热泪盈眶,8
_我是好人_,保密,河南,2025-04-06 09:28:17,游科，你注意了。2025的DLC实机试玩视频该放出来了,10
Weloving,保密,上海,2025-04-06 01:33:35,现在还有人我吃[doge],25
迎风-飞,保密,山西,2025-04-05 18:45:49,如果能更早些就好了  去年六月我还在大学  我可能会更开心[大哭],7
浅沐纸鸢_Kiten,保密,浙江,2025-04-05 12:27:32,太爽了老铁[星星眼][星星眼][星星眼],2
ksknsr,保密,英国,2025-04-05 07:06:21,4月回来考古,9
孙笑川逛B站,男,江苏,2025-04-05 02:52:18,任何时候都有人看系列[笑哭],19
Make载音,女,河南,2025-04-05 01:55:34,我勒个去 不会还有人吧？,10
ni左岸,男,广东,2025-04-04 23:52:12,真好啊，为了玩这个游戏花一万块配了台电脑[doge_金箍][doge_金箍],14
IAM-皓想次小酥饼,女,江西,2025-04-04 22:05:44,我的天呐，这恐怖的播放点赞投币收藏转发数量,3
夜雨づ清风,男,广东,2025-04-04 20:31:11,梦开始的地方  又回来了重温了,1
时刻保持质疑8,保密,辽宁,2025-04-04 18:06:19,令人感慨,2
永恒纪市,男,湖南,2025-04-04 11:22:24,再重温几遍,4
gl给我饿了么石榴,保密,安徽,2025-04-03 22:20:55,4.3  没人了吧[嗑瓜子],20
风起羽飞,保密,北京,2025-04-03 15:52:30,梦开始的地方,2
狐猴君,男,四川,2025-04-03 14:23:59,我还没通关，PS5玩到第三章，steam快到第三章关底了[笑哭]慢慢玩,6
徐辉先森,男,青海,2025-04-03 01:00:32,没钱只能买个268支持支持,9
吴东于衷,保密,湖南,2025-04-03 00:04:29,考古,1
cherryOoO丶,保密,黑龙江,2025-04-02 23:03:18,得了测！,0
观疏离,保密,广东,2025-04-02 17:18:21,DLC,1
-清核子-,男,海南,2025-04-02 02:39:06,[嘟嘟][嘟嘟][嘟嘟]又回来看了,2
宇哥极限,保密,甘肃,2025-04-01 23:54:09,D!L!C![抓狂],2
巫歪迩,男,吉林,2025-04-01 23:00:25,我都记不清我第几次通关了都快吐了，dlc呢[大哭],4
娜维娅索,男,湖北,2025-04-01 14:41:06,为什么没有大闹天宫？[大哭],5
NoobForever,保密,福建,2025-04-01 08:15:36,兄呀，三周目已经过完了，大圣模式也拿到了，齐天复战全部都打完了，0禁连战也是勉强过了，这dlc啥时候端上来啊？,7
雪燕夲,男,内蒙古,2025-04-01 06:38:16,不是啥玩意，20年就有了这个项目,2
微软bing,男,河北,2025-04-01 06:35:03,[Mygo表情包_让我看看],1
树生Mellifluous,女,贵州,2025-04-01 02:31:05,急急急急急急dlc急急急,1
只因爱分享,保密,天津,2025-03-31 23:21:03,https://b23.tv/KXPGvFN[tv_闭嘴],0
赛博打饼侠,保密,四川,2025-03-31 19:19:32,DLC DLC DLC...,2
明日绒绒香,女,湖北,2025-03-31 17:55:31,五年了呀,2
DATAVV,男,广东,2025-03-31 14:52:13,我的初恋[嘟嘟],8
混元世极大罗金仙,保密,江苏,2025-03-31 14:40:10,宇宙机器人：惊不惊喜，意不意外？我才是年度最佳想不到吧？[OK],2
求求了给我出个W吧,保密,广东,2025-03-31 13:26:52,现在回来看，发现剧情改动真多，还有这个宣传片里好多在游戏里没出现，不知道会不会在 dlc里面[脱单doge],3
姬小花花,保密,广东,2025-03-31 12:35:40,我生于非典，考于新冠，预告片之前入学，毕业之后发售。等了整个大学4年[doge_金箍]，值得，一切如我所料地火爆,11
雨辰-星中敬梦,男,河北,2025-03-30 23:11:27,如果看着百回本一字不落的读完西游就知道如果再写西游的故事 尤其是悟空的故事 无论是谁都想这么写 也应该这么写 这才是孙悟空 这才是对于如今广义上最正道的西游,11
烤马铃薯MC,男,广西,2025-03-30 23:00:03,坏消息：实际游戏和实机演示相差很大   好消息：实际游戏更好了[doge_金箍],15
空白的画捏,保密,河南,2025-03-30 22:16:19,今年来点dlc消息吧[星瞳·动态表情包_星星期待],4
枫花落尽恋无眠,保密,广东,2025-03-30 21:58:22,能不能重启战争艺术赤潮呀我滴游科求求啦,3
小么呢呀,保密,陕西,2025-03-30 21:57:31,实装后，和心中的期望还是有距离，大概也能理解主创的心思，奈何太多限制，希望后续dlc能圆梦吧，游科加油,3
一心笑卧,男,未知,2025-03-30 21:45:02,重新回顾一下梦开始的地方,4
-风度ゝsoory,男,江苏,2025-03-30 20:16:33,35W冲[doge_金箍],2
vpjdgsze1995,男,安徽,2025-03-30 19:55:16,最激动的是大圣那一棒，当时还以为有很多悬念呢，可惜并没有,1
行动胜于承诺,保密,山西,2025-03-30 15:37:54,还是预告第一关做得好，明显潜行元素更浓，搜捕的怪物更多，会说话而且声音很大，不像坐地上念经的，正常情况听不清念什么，有些地方小怪数量更多，需要玩家选择逃开，或者群招击毙。,2
天马刘兴,男,安徽,2025-03-30 11:41:33,赶紧更新dlc！,2
栋时,保密,河北,2025-03-30 10:00:58,[doge_金箍]来报道,7
大卫不是老外,保密,山东,2025-03-30 03:42:34,D！L！C！,2
试制型暗歌,保密,江苏,2025-03-30 01:38:11,六千多万播放留念,3
举目见日__,保密,安徽,2025-03-30 01:27:04,斗罢艰险又出发[doge_金箍],2
阿芙Channel,男,甘肃,2025-03-30 01:00:03,永远忘不了2020年第一次看到这个预告片的感动,12
满天书卷,保密,湖北,2025-03-30 00:26:01,已经快五年了,2
新曰暮里最后的希望,男,山东,2025-03-29 22:59:15,5年呀，5年,3
我最亲最亲的老公,保密,河北,2025-03-29 22:10:55,我看看到现在还有多少人还在看,9
可可尼丿,保密,山东,2025-03-29 22:03:33,国游崛起的里程碑之作,4
抢建jm350,保密,浙江,2025-03-29 19:48:46,20年已经是五年前了啊,7
夏感ll,男,黑龙江,2025-03-29 19:39:06,考古,1
懒散de库赞,男,湖北,2025-03-29 18:56:36,法天象地，太好玩了。,4
山糠野人,保密,天津,2025-03-29 18:40:12,还想继续玩新剧情[大哭]，没有真正的结果好空虚啊,1
与英语同归于尽B站版,女,广东,2025-03-29 17:10:52,梦开始的地方[猴哥][委屈],5
兔阿哉,保密,广东,2025-03-29 16:07:19,又卡关了，来记载一下,3
yuanchatr,男,重庆,2025-03-29 14:47:23,回味一下当时的激动心情,3
三进制格式塔,保密,内蒙古,2025-03-29 10:30:44,5周目打的太累，又从一周目玩了一遍,1
我池不懂鞋呀,男,河北,2025-03-29 09:11:24,靓仔，又在按时间排序啦,13
保罗杰克逊列兵,男,四川,2025-03-29 08:43:19,梦开始的地方,1
野导大鳄,男,北京,2025-03-28 21:35:51,赶紧dlc吧,7
zzzzzzxxxxxl,保密,河南,2025-03-28 20:22:21,永远有人看系列,14
等到烟火清凉n,保密,黑龙江,2025-03-27 23:32:16,DLC！,4
Jorop,男,广东,2025-03-27 21:46:35,打卡第二周目,1
静止的中微子,男,重庆,2025-03-27 20:28:21,[热词系列_妙啊],1
天马刘兴,男,安徽,2025-03-27 20:26:17,吴承恩：孩子们，我已经完了1000小时了！但是dlc还是没有出来。[生气][doge_金箍],8
星星总会相遇,女,广东,2025-03-27 20:15:30,好可怕的评论量,2
究变,男,江苏,2025-03-27 09:40:53,[调皮],33
心心可甜了,男,江苏,2025-03-27 06:39:10,期待8/20,3
NaBuls,保密,河南,2025-03-27 00:22:54,今天打到黄梅，两天玩了快25小时了，从来没这么痴迷一个游戏[笑哭],19
澹月转魄,男,辽宁,2025-03-27 00:10:05,满怀期待的四年，无法忘怀的一天，或许再也没有能比8.20更难忘的日子了,9
隐秘而伟大地活着,保密,陕西,2025-03-26 22:10:38,2025年，3月26日，周三，22:10，再来几遍,1
为什么名字只有八个字,女,浙江,2025-03-26 21:31:00,[2233娘_卖萌],1
青柠先森,男,湖北,2025-03-25 23:38:29,[2233娘_耶],2
陽咲,男,上海,2025-03-25 19:08:19,DLC端上来吧[tv_doge],3
陽咲,男,上海,2025-03-25 19:07:58,[tv_doge],1
KCL177,男,黑龙江,2025-03-25 17:48:43,这游戏不愧是国产之神，中国游戏的封神之作，我愿称之为国产之光,4
ebhar,保密,浙江,2025-03-25 16:52:14,DLCDLCDLCDLCDLCDLCDLCDLCDLCDLCDLCDLCDLCDLCDLCDLCDLCDLCDLCDLCDLCDLCDLCDLCDLCDLCDLCDLCDLCDLCDLCDLCDLCDLCDLCDLCDLCDLCDLCDLCDLCDLCDLCDLCDLCDLCDLCDLCDLCDLCDLCDLCDLCDLCDLCDLCDLCDLCDLCDLCDLCDLCDLCDLCDLCDLCDLCDLCDLCDLCDLCDLCDLCDLCDLCDLCDLCDLCDLCDLCDLCDLCDLCDLCDLCDLCDLCDLCDLCDLCDLCDLCDLCDLCDLCDLCDLCDLCDLCDLCDLCDLCDLCDLCDLCDLCDLCDLCDLCDLCDLCDLCDLCDLCDLCDLCDLCDLCDLCDLCDLCDLCDLCDLCDLCDLCDLCDLCDLCDLCDLCDLCDLCDLCDLCDLCDLCDLCDLCDLCDLCDLCDLCDLCDLCDLCDLCDLCDLCDLCDLCDLCDLCDLCDLCDLCDLCDLCDLCDLCDLCDLCDLCDLCDLCDLCDLCDLCDLCDLCDLCDLCDLCDLCDLCDLCDLCDLCDLCDLCDLCDLCDLCDLCDLCDLCDLCDLCDLCDLCDLCDLCDLCDLCDLCDLCDLCDLCDLCDLCDLCDLCDLCDLCDLCDLCDLCDLCDLCDLCDLCDLCDLCDLCDLCDLCDLCDLCDLCDLCDLCDLCDLCDLCDLCDLCDLCDLCDLCDLCDLCDLCDLCDLCDLCDLCDLCDLCDLCDLCDLCDLCDLCDLCDLCDLCDLCDLCDLCDLCDLCDLCDLCDLCDLCDLCDLCDLCDLCDLC,4
八幡海铃的屁股,保密,陕西,2025-03-25 13:23:23,游戏里少了好多实机里的 是要进dlc吗,1
Rz-1,男,广东,2025-03-25 10:36:55,回来考古。,3
世界最可爱のSaber-Lily,保密,浙江,2025-03-25 08:29:17,记得第一次看这个预告片的时候，是那个初中毕业的暑假，看到有人愿意去做一款国产3a时的激动看到一个个熟悉法术的心潮澎湃，当时发售就是豪华版入手，那几天没日没夜的玩，完全不去看任何剧透或主播玩，一心一意的只想玩通关，记得是四魔将里的球形怪卡了好久，那种过了的感觉自从当初打赢只狼的修罗连战以来已经好久没有过了，希望dlc好好打磨，尽可能避免出现第五六章这种赶工的情况，还有我知道白骨精大概率是想纪念一下当初斗战神的遗憾，但是这种私货以后就别了吧，人要往前看，一直看着过去的遗憾只会深陷泥潭无法自拔，希望游科下部作品越来越好。[猴哥][猴哥][猴哥],11
真想回2018年,男,河北,2025-03-24 22:56:15,还有人在看吗,11
小小带走我的思念,保密,广东,2025-03-24 22:05:33,太帅了太帅了,3
梦过兮,保密,天津,2025-03-24 20:18:32,当年看到这个游戏，虽然当时就对国内游戏很失望，但还是愿意相信这是真的，还好，信对了,8
英雄竞斩腰,保密,福建,2025-03-24 20:10:46,来时路啊,2
黄金精神和漆黑意志,保密,云南,2025-03-24 15:02:28,重温当时的感动,3
练青,男,黑龙江,2025-03-24 09:01:26,又想起了当年第一次看见这个片子的震撼，急忙的把这个视频分享到微信群，和刚分开大学舍友们讨论，疫情时候天天刷着看，四年的时间从一个刚毕业的大学生变成社畜，但是不变的还是那个爱玩游戏的孩子,13
中书省甲片,男,甘肃,2025-03-24 00:10:24,你,20
枫叶做嘚风铃,保密,江苏,2025-03-22 22:05:23,游科官号怎么没了[tv_大哭],2
L3_eCHAOs,保密,四川,2025-03-22 21:39:00,梦开始的地方。令人感叹[委屈],3
心心可甜了,男,江苏,2025-03-22 20:43:56,我却的DLC谁来催啊[委屈],3
测绘成果,男,浙江,2025-03-22 01:32:47,等820dlc预告[脱单doge],5
居然念出来了,男,江西,2025-03-21 00:43:48,真的永远忘不了24年820，感觉几乎所有玩家都在分享攻略，隐藏关以及自己打到了哪个boss，那种感觉真的不一样,31
魅惑的黑圣,保密,内蒙古,2025-03-20 18:38:54,"恭喜猴哥再拿新奖！！[打call]
游戏的细节方面请再优化一下：
  预输入问题，需要改进，老是存在延迟和吞指令按不出来。
  增加游戏内字幕 自定义大小的调节功能 。有的字幕太小了，非常不方便浏览。
  小曲添加 游戏内播放功能并且可以随时切换bgm。
  披挂增加幻化的功能。",13
黄昏直至黎明-,男,湖南,2025-03-20 17:41:40,[藏狐][藏狐][doge_金箍][doge_金箍],1
thoghting,保密,河南,2025-03-20 16:22:05,为啥这两天账号一直在掉粉,3
L_U_FFY,男,广东,2025-03-20 13:27:17,时不时过来看一下[doge],4
吃方便面没有调料包2,保密,吉林,2025-03-19 19:55:34,已经玩到第二回了,3
吃方便面没有调料包2,保密,吉林,2025-03-19 19:55:34,已经玩到第二回了,2
lucrwang,保密,山东,2025-03-19 16:38:21,等820dlc预告[脱单doge],6
nasn16,保密,广东,2025-03-19 15:31:00,发售半年后打卡[doge_金箍],4
中二少年有点皮丶,男,山东,2025-03-18 23:16:01,刚出的时候一天玩十几个小时，几天就通关了，跟猪八戒吃人参果一样，再出一个吧我真的玩不够[打call],9
雷电雷電,保密,重庆,2025-03-18 22:15:00,黑神话的预告是关卡顺序，第一个预告黑风山，第二个拜年黄风岭，第三个小西天，第四个剧情动画预告盘丝岭，火焰山花果山就没有单独的了，火焰山花果山比起前面四个也少了很多内容，很可惜，DLC或者续作再战！这一次，一定会不一样！,9
LYK哈,保密,天津,2025-03-18 21:29:43,[doge_金箍][doge_金箍][doge_金箍],0
Mask_-,男,四川,2025-03-18 19:49:49,[猴哥][猴哥][猴哥],1
玄泽羽萧,保密,福建,2025-03-18 00:59:36,实际上剧情没必要融合斗战神，太多于了，西游记原著能改编的东西挺多的[吃瓜],4
-清核子-,男,海南,2025-03-17 23:35:56,这个评论区，你看了几遍了？靓仔~按时间又来看咯？,8
乐神奏心声,保密,湖北,2025-03-17 21:00:11,按时间,8
回眸风尘散,保密,德国,2025-03-17 10:36:12,梦开始的地方,8
麻匪MAFIA,男,四川,2025-03-17 09:44:10,等DLC,5
薛定谔的赛先生,男,上海,2025-03-17 01:06:33,轻舟已过万重山,7
住在b站的李小白,男,安徽,2025-03-17 00:09:18,太厉害了,3
爱海贼的老王,男,河南,2025-03-16 18:23:31,哟！你也是按时间来翻评论的啊？[doge][doge],20
想了好久冷静,男,江西,2025-03-16 11:43:20,这一等就是四年,5
撸奕只猫,保密,福建,2025-03-15 21:33:05,这音乐和美术，是最对我胃口的游戏了,7
我為人間客,男,江苏,2025-03-15 17:38:37,轻舟已过万重山[大哭][大哭][大哭],13
杠开清一色,男,江苏,2025-03-15 01:24:43,DLC一定要好好打磨呀，发售以来节奏没有断过，黑猴吧一些好的建议你们要好好看看，不要再出现第六章那样的情况了,16
突如流星,男,广东,2025-03-15 01:24:17,今天通关了，打卡,3
遇到爱就是家乡,男,福建,2025-03-14 16:55:38,可怕的35万评论[辣眼睛],6
账号已注销,保密,安徽,2025-03-14 16:53:40,久有凌云志，重上花果山,8
星之卡比捏捏,女,四川,2025-03-14 16:09:31,居然是八月二十号发的这个视频，四年呐,4
最终幻想之旅,保密,四川,2025-03-14 14:53:41,PS今日通关留念,16
黑化的芒果S,保密,河北,2025-03-14 01:46:21,全成就了，特地来这个视频感慨一下[鼓掌],3
明日绒绒香,女,湖北,2025-03-13 21:39:49,继续行走在自己的西行之路上吧，稳扎稳打步步为营，慢点也没关系，质量保持住[以闪亮之名_吃瓜],3
太阳起司FPV,男,云南,2025-03-13 10:41:20,回来了，梦开始的地方,10
靓树萌萌果,男,甘肃,2025-03-12 16:35:35,"这两天咋了呀，为什么一打开游戏就要着色器编译啊？每次打开游戏都是。我用的epic平台。
请问steam和wegame还有ps的小伙伴，你们这几天也是这样吗？[捂脸]",12
改个名就6硬币,保密,湖南,2025-03-12 12:32:59,什么时候出个昆特牌的东西,2
二月春风666,男,澳大利亚,2025-03-12 06:10:30,我们终于成为了自己的齐天大圣…,5
我dway我tawa,保密,浙江,2025-03-11 20:18:55,看着以前的人发着评论，突然有种想笑的感觉，这种感觉就像是长大的时候看自己小时候的黑历史[笑哭],23
我dway我tawa,保密,浙江,2025-03-11 20:17:52,哪一个男孩子没有一颗做大圣的决心呢？[doge],3
风月無邊-逍遙遊,保密,广东,2025-03-11 20:12:27,常看常新,5
风月無邊-逍遙遊,保密,广东,2025-03-11 20:12:27,常看常新,7
举个力子,保密,江苏,2025-03-11 11:43:03,很好，但没那么好。,11
起灵一剑,男,陕西,2025-03-11 02:05:08,[doge_金箍][doge_金箍][doge_金箍],1
长安彼氏,保密,河南,2025-03-11 00:49:18,一周目卡无限法力好多支线没过，二周目再慢慢来[脸红],1
JKlove250,保密,安徽,2025-03-10 23:55:57,猴哥,10
进化行动派的DJR,男,福建,2025-03-10 23:41:52,时间如白驹过隙……朋友们，当你认为有什么是自己必须要去完成的，就要竭尽全力去实现它！！！,6
公孙璞,保密,河南,2025-03-10 23:32:35,所以“白骨之后”的意思是“亡故以后”？之前有人说是大圣和白骨精生的猴子重走西游，简直野的不得了[笑哭],2
太多形容_,保密,湖南,2025-03-10 22:06:40,太帅了！！！,1
老痰不是老坛,保密,江西,2025-03-10 21:17:00,我会永远怀念游戏发售前，游科和贴吧老哥互相视奸的那段日子，真的太有趣太美好了[喜极而泣]，看到游戏结尾的特别鸣谢里有黑神话吧时，那种感觉太棒了！双向奔赴啊！,20
难以学习,保密,四川,2025-03-10 20:42:18,我是穿越的，游戏很好玩,5
懒洋洋大王AOA,保密,江苏,2025-03-10 11:41:34,我的东海龙宫和狮驼岭呢快端上来吧,2
这天杀的ID,女,山西,2025-03-10 02:45:23,[千恋万花表情包_丛雨Ciallo],10
independence12,保密,上海,2025-03-09 15:41:24,"笑死 好东西全放预告上了[大笑]
后边的勾式五六章和闹谭阴谋论
给满怀期待的玩家拉了坨大的",11
逢坂大河11,保密,浙江,2025-03-09 12:49:22,@Tuff_4@你的输卵管@阿娜米子,1
任行墨,男,山西,2025-03-09 06:09:03,"四年前这个游戏出现，两年前我去小西天看了看。
现在我躺在床上，不知道应该做什么。
可能走在去往西天的路上会很难。但令人可笑的是，我踩在一块平地上，没有目标，没有方向。
我甚至没有梦想，没有想过自己要成为什么样的人。
我甚至连自己第二天应该做什么都不知道。
我不知道如何让自己快乐。
我的脑海在这一刻出现了一个想法，我是否应该考虑死亡？
毕竟就算我死了，对这个世界毫无影响。",12
明日绒绒香,女,湖北,2025-03-09 00:27:49,里程碑，祝越来越好[拥抱],6
艾尼德普色,男,重庆,2025-03-08 23:36:08,人生幸好有游戏,10
8班的小外卡,保密,浙江,2025-03-08 16:44:50,永远忘不了那一天的震撼，还有那满怀期待的四年,30
牛逼克拉斯飞天,保密,广东,2025-03-08 14:54:52,bro搞了4年,1
澹月转魄,男,辽宁,2025-03-08 01:18:20,永远忘不了那一天的震撼，还有那满怀期待的四年,11
请叫我滋滋滋,保密,山东,2025-03-07 19:29:51,断断续续一周目已经结束了，在过二周目[doge_金箍],12
司徒诗诗ST,男,山东,2025-03-07 08:12:32,轻舟已过万重山,16
灿灿飞舞之间,保密,湖南,2025-03-07 01:51:04,20年，好似梦一场...,6
